mother,watch_from,tf,expiry,strike,lot,buys,lots,first_fill,exit,reason,deployed,gross,costs,net,unpriced,legs,exit_detail,target_index
2024-10-01T09:15:00+05:30,2024-10-01T09:15:00+05:30,5m,2024-10-31,26000,25,0,0,,,expired,0,,,,0,[],{},
2024-11-04T09:15:00+05:30,2024-11-04T09:15:00+05:30,5m,2024-11-28,24450,25,2,3,2024-11-06T09:45:00+05:30,2024-11-06T10:40:00+05:30,trail,24810.0,622.5,118.92,503.58,0,"[{""t"": ""2024-11-06T09:45:00+05:30"", ""tf"": ""5m"", ""priced_at"": ""2024-11-06T09:50:00+05:30"", ""index"": 24343.85, ""premium"": 313.0, ""qty"": 25, ""rung"": 1, ""strike"": 24450}, {""t"": ""2024-11-06T10:15:00+05:30"", ""tf"": ""15m"", ""priced_at"": ""2024-11-06T10:30:00+05:30"", ""index"": 24355.8, ""premium"": 339.7, ""qty"": 50, ""rung"": 2, ""strike"": 24450}]","{""timestamp"": ""2024-11-06T10:40:00+05:30"", ""timeframe"": ""5m"", ""priced_at"": ""2024-11-06T10:40:00+05:30"", ""index_price"": 24302.421, ""option_premium"": 339.1, ""premiums"": {""24450PE"": 339.1}, ""reason"": ""trail""}",24292.45
2024-11-12T12:45:00+05:30,2024-11-12T12:45:00+05:30,5m,2024-11-28,24400,25,1,1,2024-11-25T09:30:00+05:30,2024-11-25T13:25:00+05:30,trail,5513.75,1233.5,59.27,1174.23,0,"[{""t"": ""2024-11-25T09:30:00+05:30"", ""tf"": ""5m"", ""priced_at"": ""2024-11-25T09:35:00+05:30"", ""index"": 24288.6, ""premium"": 220.55, ""qty"": 25, ""rung"": 1, ""strike"": 24400}]","{""timestamp"": ""2024-11-25T13:25:00+05:30"", ""timeframe"": ""5m"", ""priced_at"": ""2024-11-25T13:25:00+05:30"", ""index_price"": 24181.394453124998, ""option_premium"": 269.89, ""premiums"": {""24400PE"": 269.89}, ""reason"": ""trail""}",24213.26
2024-11-28T14:10:00+05:30,2024-11-28T14:10:00+05:30,5m,2024-12-26,24400,25,2,3,2024-12-02T14:45:00+05:30,2024-12-13T11:00:00+05:30,trail,0,,,,2,"[{""t"": ""2024-12-02T14:45:00+05:30"", ""tf"": ""5m"", ""priced_at"": ""2024-12-02T14:50:00+05:30"", ""index"": 24282.25, ""premium"": null, ""qty"": 25, ""rung"": 1, ""strike"": 24400}, {""t"": ""2024-12-03T10:45:00+05:30"", ""tf"": ""15m"", ""priced_at"": ""2024-12-03T11:00:00+05:30"", ""index"": 24395.5, ""premium"": null, ""qty"": 50, ""rung"": 2, ""strike"": 24500}]","{""timestamp"": ""2024-12-13T11:00:00+05:30"", ""timeframe"": ""5m"", ""priced_at"": ""2024-12-13T11:00:00+05:30"", ""index_price"": 24233.885546875, ""option_premium"": null, ""premiums"": {""24400PE"": null, ""24500PE"": null}, ""reason"": ""trail""}",24236.65
2024-12-18T12:35:00+05:30,2024-12-18T12:35:00+05:30,5m,2025-01-30,24250,25,1,1,2025-01-02T14:40:00+05:30,2025-01-02T15:10:00+05:30,trail,8625.0,-193.75,63.42,-257.17,0,"[{""t"": ""2025-01-02T14:40:00+05:30"", ""tf"": ""5m"", ""priced_at"": ""2025-01-02T14:45:00+05:30"", ""index"": 24174.55, ""premium"": 345.0, ""qty"": 25, ""rung"": 1, ""strike"": 24250}]","{""timestamp"": ""2025-01-02T15:10:00+05:30"", ""timeframe"": ""5m"", ""priced_at"": ""2025-01-02T15:10:00+05:30"", ""index_price"": 24168.39, ""option_premium"": 337.25, ""premiums"": {""24250PE"": 337.25}, ""reason"": ""trail""}",24171.54
2025-01-06T14:30:00+05:30,2025-01-06T14:30:00+05:30,5m,2025-01-30,23700,75,0,0,,,expired,0,,,,0,[],{},
2025-02-10T09:30:00+05:30,2025-02-10T09:30:00+05:30,5m,2025-02-27,23550,75,0,0,,,expired,0,,,,0,[],{},
2025-02-27T15:25:00+05:30,2025-02-27T15:25:00+05:30,5m,2025-03-27,22600,75,2,3,2025-03-06T14:40:00+05:30,2025-03-07T09:25:00+05:30,trail,63906.0,-24.75,216.32,-241.07,0,"[{""t"": ""2025-03-06T14:40:00+05:30"", ""tf"": ""5m"", ""priced_at"": ""2025-03-06T14:45:00+05:30"", ""index"": 22520.15, ""premium"": 275.3, ""qty"": 75, ""rung"": 1, ""strike"": 22600}, {""t"": ""2025-03-06T15:15:00+05:30"", ""tf"": ""15m"", ""priced_at"": ""2025-03-06T15:30:00+05:30"", ""index"": 22546.05, ""premium"": 288.39, ""qty"": 150, ""rung"": 2, ""strike"": 22650}]","{""timestamp"": ""2025-03-07T09:25:00+05:30"", ""timeframe"": ""5m"", ""priced_at"": ""2025-03-07T09:25:00+05:30"", ""index_price"": 22486.551, ""option_premium"": 270.25, ""premiums"": {""22600PE"": 270.25, ""22650PE"": 290.75}, ""reason"": ""trail""}",22530.17
2025-04-01T09:15:00+05:30,2025-04-01T09:15:00+05:30,5m,2025-04-30,23450,75,1,1,2025-04-16T09:40:00+05:30,2025-04-16T09:55:00+05:30,trail,20591.25,306.75,86.88,219.87,0,"[{""t"": ""2025-04-16T09:40:00+05:30"", ""tf"": ""5m"", ""priced_at"": ""2025-04-16T09:45:00+05:30"", ""index"": 23345.75, ""premium"": 274.55, ""qty"": 75, ""rung"": 1, ""strike"": 23450}]","{""timestamp"": ""2025-04-16T09:55:00+05:30"", ""timeframe"": ""5m"", ""priced_at"": ""2025-04-16T09:55:00+05:30"", ""index_price"": 23344.035, ""option_premium"": 278.64, ""premiums"": {""23450PE"": 278.64}, ""reason"": ""trail""}",23344.09
2025-04-25T09:55:00+05:30,2025-04-25T09:55:00+05:30,5m,2025-05-29,24350,75,1,1,2025-04-28T10:20:00+05:30,2025-04-28T11:25:00+05:30,trail,31725.0,618.75,108.5,510.25,0,"[{""t"": ""2025-04-28T10:20:00+05:30"", ""tf"": ""5m"", ""priced_at"": ""2025-04-28T10:25:00+05:30"", ""index"": 24265.25, ""premium"": 423.0, ""qty"": 75, ""rung"": 1, ""strike"": 24350}]","{""timestamp"": ""2025-04-28T11:25:00+05:30"", ""timeframe"": ""5m"", ""priced_at"": ""2025-04-28T11:25:00+05:30"", ""index_price"": 24227.1, ""option_premium"": 431.25, ""premiums"": {""24350PE"": 431.25}, ""reason"": ""trail""}",24215.69
2025-05-08T15:20:00+05:30,2025-05-08T15:20:00+05:30,5m,2025-05-29,24700,75,2,3,2025-05-12T09:40:00+05:30,2025-05-13T14:25:00+05:30,trail,72967.5,17137.5,255.08,16882.42,0,"[{""t"": ""2025-05-12T09:40:00+05:30"", ""tf"": ""5m"", ""priced_at"": ""2025-05-12T09:45:00+05:30"", ""index"": 24595.2, ""premium"": 312.0, ""qty"": 75, ""rung"": 1, ""strike"": 24700}, {""t"": ""2025-05-12T11:30:00+05:30"", ""tf"": ""15m"", ""priced_at"": ""2025-05-12T11:45:00+05:30"", ""index"": 24725.0, ""premium"": 330.45, ""qty"": 150, ""rung"": 2, ""strike"": 24850}]","{""timestamp"": ""2025-05-13T14:25:00+05:30"", ""timeframe"": ""5m"", ""priced_at"": ""2025-05-13T14:25:00+05:30"", ""index_price"": 24597.008453125, ""option_premium"": 348.3, ""premiums"": {""24700PE"": 348.3, ""24850PE"": 426.55}, ""reason"": ""trail""}",24564.65
2025-05-22T09:15:00+05:30,2025-05-22T09:15:00+05:30,5m,2025-06-26,25000,75,1,1,2025-05-23T11:15:00+05:30,2025-05-23T11:55:00+05:30,trail,33978.75,1511.25,113.93,1397.32,0,"[{""t"": ""2025-05-23T11:15:00+05:30"", ""tf"": ""5m"", ""priced_at"": ""2025-05-23T11:20:00+05:30"", ""index"": 24889.6, ""premium"": 453.05, ""qty"": 75, ""rung"": 1, ""strike"": 25000}]","{""timestamp"": ""2025-05-23T11:55:00+05:30"", ""timeframe"": ""5m"", ""priced_at"": ""2025-05-23T11:55:00+05:30"", ""index_price"": 24829.89, ""option_premium"": 473.2, ""premiums"": {""25000PE"": 473.2}, ""reason"": ""trail""}",24823.96
2025-05-29T12:35:00+05:30,2025-05-29T12:35:00+05:30,5m,2025-06-26,24900,75,1,1,2025-06-05T12:25:00+05:30,2025-06-05T13:05:00+05:30,trail,24360.0,723.75,94.6,629.15,0,"[{""t"": ""2025-06-05T12:25:00+05:30"", ""tf"": ""5m"", ""priced_at"": ""2025-06-05T12:30:00+05:30"", ""index"": 24818.6, ""premium"": 324.8, ""qty"": 75, ""rung"": 1, ""strike"": 24900}]","{""timestamp"": ""2025-06-05T13:05:00+05:30"", ""timeframe"": ""5m"", ""priced_at"": ""2025-06-05T13:05:00+05:30"", ""index_price"": 24795.465, ""option_premium"": 334.45, ""premiums"": {""24900PE"": 334.45}, ""reason"": ""trail""}",24785.59
2025-06-12T13:25:00+05:30,2025-06-12T13:25:00+05:30,5m,2025-06-26,25100,75,1,1,2025-06-20T10:35:00+05:30,2025-06-20T10:50:00+05:30,trail,14493.75,-225.0,74.57,-299.57,0,"[{""t"": ""2025-06-20T10:35:00+05:30"", ""tf"": ""5m"", ""priced_at"": ""2025-06-20T10:40:00+05:30"", ""index"": 25008.95, ""premium"": 193.25, ""qty"": 75, ""rung"": 1, ""strike"": 25100}]","{""timestamp"": ""2025-06-20T10:50:00+05:30"", ""timeframe"": ""5m"", ""priced_at"": ""2025-06-20T10:50:00+05:30"", ""index_price"": 24999.954999999998, ""option_premium"": 190.25, ""premiums"": {""25100PE"": 190.25}, ""reason"": ""trail""}",25001.06
2025-07-02T12:50:00+05:30,2025-07-02T12:50:00+05:30,5m,2025-07-31,25650,75,1,1,2025-07-08T15:15:00+05:30,2025-07-09T09:40:00+05:30,trail,22998.75,371.25,91.56,279.69,0,"[{""t"": ""2025-07-08T15:15:00+05:30"", ""tf"": ""5m"", ""priced_at"": ""2025-07-08T15:20:00+05:30"", ""index"": 25528.0, ""premium"": 306.65, ""qty"": 75, ""rung"": 1, ""strike"": 25650}]","{""timestamp"": ""2025-07-09T09:40:00+05:30"", ""timeframe"": ""5m"", ""priced_at"": ""2025-07-09T09:40:00+05:30"", ""index_price"": 25488.835, ""option_premium"": 311.6, ""premiums"": {""25650PE"": 311.6}, ""reason"": ""trail""}",25511.09
2025-07-10T12:00:00+05:30,2025-07-10T12:00:00+05:30,5m,2025-07-31,25450,75,0,0,,,expired,0,,,,0,[],{},
2025-08-01T14:35:00+05:30,2025-08-01T14:35:00+05:30,5m,2025-08-28,24700,75,1,1,2025-08-12T09:30:00+05:30,2025-08-12T10:40:00+05:30,trail,16642.5,1507.5,80.84,1426.66,0,"[{""t"": ""2025-08-12T09:30:00+05:30"", ""tf"": ""5m"", ""priced_at"": ""2025-08-12T09:35:00+05:30"", ""index"": 24610.25, ""premium"": 221.9, ""qty"": 75, ""rung"": 1, ""strike"": 24700}]","{""timestamp"": ""2025-08-12T10:40:00+05:30"", ""timeframe"": ""5m"", ""priced_at"": ""2025-08-12T10:40:00+05:30"", ""index_price"": 24576.65, ""option_premium"": 242.0, ""premiums"": {""24700PE"": 242.0}, ""reason"": ""trail""}",24608.59
2025-08-22T14:25:00+05:30,2025-08-22T14:25:00+05:30,5m,2025-09-30,25000,75,1,1,2025-09-04T09:35:00+05:30,2025-09-04T09:50:00+05:30,trail,16158.75,-198.75,77.77,-276.52,0,"[{""t"": ""2025-09-04T09:35:00+05:30"", ""tf"": ""5m"", ""priced_at"": ""2025-09-04T09:40:00+05:30"", ""index"": 24897.2, ""premium"": 215.45, ""qty"": 75, ""rung"": 1, ""strike"": 24900}]","{""timestamp"": ""2025-09-04T09:50:00+05:30"", ""timeframe"": ""5m"", ""priced_at"": ""2025-09-04T09:50:00+05:30"", ""index_price"": 24886.42, ""option_premium"": 212.8, ""premiums"": {""24900PE"": 212.8}, ""reason"": ""trail""}",24895.32
2025-09-22T14:35:00+05:30,2025-09-22T14:35:00+05:30,5m,2025-10-28,25300,75,1,1,2025-10-07T14:15:00+05:30,2025-10-07T14:50:00+05:30,trail,16080.0,858.75,78.96,779.79,0,"[{""t"": ""2025-10-07T14:15:00+05:30"", ""tf"": ""5m"", ""priced_at"": ""2025-10-07T14:20:00+05:30"", ""index"": 25210.35, ""premium"": 214.4, ""qty"": 75, ""rung"": 1, ""strike"": 25300}]","{""timestamp"": ""2025-10-07T14:50:00+05:30"", ""timeframe"": ""5m"", ""priced_at"": ""2025-10-07T14:50:00+05:30"", ""index_price"": 25149.415, ""option_premium"": 225.85, ""premiums"": {""25300PE"": 225.85}, ""reason"": ""trail""}",25209.51
2025-10-31T10:30:00+05:30,2025-10-31T10:30:00+05:30,5m,2025-11-25,25950,75,1,1,2025-11-12T09:55:00+05:30,2025-11-12T10:30:00+05:30,trail,15600.0,123.75,77.12,46.63,0,"[{""t"": ""2025-11-12T09:55:00+05:30"", ""tf"": ""5m"", ""priced_at"": ""2025-11-12T10:00:00+05:30"", ""index"": 25853.8, ""premium"": 208.0, ""qty"": 75, ""rung"": 1, ""strike"": 25950}]","{""timestamp"": ""2025-11-12T10:30:00+05:30"", ""timeframe"": ""5m"", ""priced_at"": ""2025-11-12T10:30:00+05:30"", ""index_price"": 25837.105, ""option_premium"": 209.65, ""premiums"": {""25950PE"": 209.65}, ""reason"": ""trail""}",25840.59
2025-11-24T15:25:00+05:30,2025-11-24T15:25:00+05:30,5m,2025-12-30,26250,75,2,3,2025-11-26T12:20:00+05:30,2025-12-02T09:25:00+05:30,trail,63217.5,-2625.0,188.14,-2813.14,0,"[{""t"": ""2025-11-26T12:20:00+05:30"", ""tf"": ""5m"", ""priced_at"": ""2025-11-26T12:25:00+05:30"", ""index"": 26148.55, ""premium"": 286.8, ""qty"": 75, ""rung"": 1, ""strike"": 26250}, {""t"": ""2025-11-26T13:00:00+05:30"", ""tf"": ""15m"", ""priced_at"": ""2025-11-26T13:15:00+05:30"", ""index"": 26170.45, ""premium"": 278.05, ""qty"": 150, ""rung"": 2, ""strike"": 26250}]","{""timestamp"": ""2025-12-02T09:25:00+05:30"", ""timeframe"": ""5m"", ""priced_at"": ""2025-12-02T09:25:00+05:30"", ""index_price"": 26103.16, ""option_premium"": 269.3, ""premiums"": {""26250PE"": 269.3}, ""reason"": ""trail""}",26100.4
2025-12-02T09:45:00+05:30,2025-12-02T09:45:00+05:30,5m,2025-12-30,26300,75,2,3,2025-12-05T12:40:00+05:30,2025-12-05T14:15:00+05:30,trail,52046.25,671.25,170.94,500.31,0,"[{""t"": ""2025-12-05T12:40:00+05:30"", ""tf"": ""5m"", ""priced_at"": ""2025-12-05T12:45:00+05:30"", ""index"": 26180.45, ""premium"": 223.95, ""qty"": 75, ""rung"": 1, ""strike"": 26300}, {""t"": ""2025-12-05T13:45:00+05:30"", ""tf"": ""15m"", ""priced_at"": ""2025-12-05T14:00:00+05:30"", ""index"": 26189.15, ""premium"": 235.0, ""qty"": 150, ""rung"": 2, ""strike"": 26300}]","{""timestamp"": ""2025-12-05T14:15:00+05:30"", ""timeframe"": ""5m"", ""priced_at"": ""2025-12-05T14:15:00+05:30"", ""index_price"": 26159.684999999998, ""option_premium"": 234.3, ""premiums"": {""26300PE"": 234.3}, ""reason"": ""trail""}",26157.4
2025-12-09T09:15:00+05:30,2025-12-09T09:15:00+05:30,5m,2025-12-30,26150,75,1,1,2025-12-12T09:40:00+05:30,2025-12-12T10:15:00+05:30,trail,15686.25,1350.0,78.82,1271.18,0,"[{""t"": ""2025-12-12T09:40:00+05:30"", ""tf"": ""5m"", ""priced_at"": ""2025-12-12T09:45:00+05:30"", ""index"": 26030.35, ""premium"": 209.15, ""qty"": 75, ""rung"": 1, ""strike"": 26150}]","{""timestamp"": ""2025-12-12T10:15:00+05:30"", ""timeframe"": ""5m"", ""priced_at"": ""2025-12-12T10:15:00+05:30"", ""index_price"": 25987.125, ""option_premium"": 227.15, ""premiums"": {""26150PE"": 227.15}, ""reason"": ""trail""}",25977.71
2025-12-17T10:05:00+05:30,2025-12-17T10:05:00+05:30,5m,2026-01-27,26050,75,2,3,2025-12-19T13:45:00+05:30,2025-12-26T15:00:00+05:30,trail,58008.75,-1972.5,202.62,-2175.12,0,"[{""t"": ""2025-12-19T13:45:00+05:30"", ""tf"": ""5m"", ""priced_at"": ""2025-12-19T13:50:00+05:30"", ""index"": 25974.85, ""premium"": 253.25, ""qty"": 75, ""rung"": 1, ""strike"": 26050}, {""t"": ""2025-12-22T10:00:00+05:30"", ""tf"": ""15m"", ""priced_at"": ""2025-12-22T10:15:00+05:30"", ""index"": 26125.55, ""premium"": 260.1, ""qty"": 150, ""rung"": 2, ""strike"": 26250}]","{""timestamp"": ""2025-12-26T15:00:00+05:30"", ""timeframe"": ""5m"", ""priced_at"": ""2025-12-26T15:00:00+05:30"", ""index_price"": 26028.615999999998, ""option_premium"": 192.25, ""premiums"": {""26050PE"": 192.25, ""26250PE"": 277.45}, ""reason"": ""trail""}",26012.48
2025-12-29T10:40:00+05:30,2025-12-29T10:40:00+05:30,5m,2026-01-27,26250,75,2,3,2025-12-31T13:05:00+05:30,2026-01-01T12:25:00+05:30,trail,49650.0,-678.75,164.7,-843.45,0,"[{""t"": ""2025-12-31T13:05:00+05:30"", ""tf"": ""5m"", ""priced_at"": ""2025-12-31T13:10:00+05:30"", ""index"": 26144.3, ""premium"": 221.7, ""qty"": 75, ""rung"": 1, ""strike"": 26250}, {""t"": ""2025-12-31T13:30:00+05:30"", ""tf"": ""15m"", ""priced_at"": ""2025-12-31T13:45:00+05:30"", ""index"": 26155.35, ""premium"": 220.15, ""qty"": 150, ""rung"": 2, ""strike"": 26250}]","{""timestamp"": ""2026-01-01T12:25:00+05:30"", ""timeframe"": ""5m"", ""priced_at"": ""2026-01-01T12:25:00+05:30"", ""index_price"": 26124.881, ""option_premium"": 217.65, ""premiums"": {""26250PE"": 217.65}, ""reason"": ""trail""}",26113.85
2026-01-07T09:15:00+05:30,2026-01-07T09:15:00+05:30,5m,2026-01-27,26250,65,0,0,,,expired,0,,,,0,[],{},
2026-02-01T12:25:00+05:30,2026-02-01T12:25:00+05:30,5m,2026-02-24,25900,65,1,1,2026-02-09T09:30:00+05:30,2026-02-16T09:35:00+05:30,trail,15158.0,11339.25,90.31,11248.94,0,"[{""t"": ""2026-02-09T09:30:00+05:30"", ""tf"": ""5m"", ""priced_at"": ""2026-02-09T09:35:00+05:30"", ""index"": 25821.85, ""premium"": 233.2, ""qty"": 65, ""rung"": 1, ""strike"": 25900}]","{""timestamp"": ""2026-02-16T09:35:00+05:30"", ""timeframe"": ""5m"", ""priced_at"": ""2026-02-16T09:35:00+05:30"", ""index_price"": 25507.445, ""option_premium"": 407.65, ""premiums"": {""25900PE"": 407.65}, ""reason"": ""trail""}",25592.95
2026-02-19T14:45:00+05:30,2026-02-19T14:45:00+05:30,5m,2026-03-30,25600,65,0,0,,,expired,0,,,,0,[],{},
2026-04-02T09:15:00+05:30,2026-04-02T09:15:00+05:30,5m,2026-04-28,22900,65,2,3,2026-04-06T13:00:00+05:30,2026-04-28T15:15:00+05:30,expiry,116957.75,-116948.0,171.2,-117119.2,0,"[{""t"": ""2026-04-06T13:00:00+05:30"", ""tf"": ""5m"", ""priced_at"": ""2026-04-06T13:05:00+05:30"", ""index"": 22775.25, ""premium"": 616.55, ""qty"": 65, ""rung"": 1, ""strike"": 22900}, {""t"": ""2026-04-06T14:45:00+05:30"", ""tf"": ""15m"", ""priced_at"": ""2026-04-06T15:00:00+05:30"", ""index"": 22911.4, ""premium"": 591.4, ""qty"": 130, ""rung"": 2, ""strike"": 23000}]","{""timestamp"": ""2026-04-28T15:15:00+05:30"", ""timeframe"": ""5m"", ""priced_at"": ""2026-04-28T15:15:00+05:30"", ""index_price"": 23972.45, ""option_premium"": 0.05, ""premiums"": {""22900PE"": 0.05, ""23000PE"": 0.05}, ""reason"": ""expiry""}",22701.8
2026-04-30T10:15:00+05:30,2026-04-30T10:15:00+05:30,5m,2026-05-26,24350,65,1,1,2026-05-04T09:50:00+05:30,2026-05-04T10:30:00+05:30,trail,26815.75,1300.0,99.98,1200.02,0,"[{""t"": ""2026-05-04T09:50:00+05:30"", ""tf"": ""5m"", ""priced_at"": ""2026-05-04T09:55:00+05:30"", ""index"": 24261.0, ""premium"": 412.55, ""qty"": 65, ""rung"": 1, ""strike"": 24350}]","{""timestamp"": ""2026-05-04T10:30:00+05:30"", ""timeframe"": ""5m"", ""priced_at"": ""2026-05-04T10:30:00+05:30"", ""index_price"": 24178.26, ""option_premium"": 432.55, ""premiums"": {""24350PE"": 432.55}, ""reason"": ""trail""}",24145.91
2026-05-11T09:35:00+05:30,2026-05-11T09:35:00+05:30,5m,2026-05-26,24100,65,1,1,2026-05-25T09:30:00+05:30,2026-05-25T09:45:00+05:30,trail,11823.5,97.5,69.87,27.63,0,"[{""t"": ""2026-05-25T09:30:00+05:30"", ""tf"": ""5m"", ""priced_at"": ""2026-05-25T09:35:00+05:30"", ""index"": 23978.3, ""premium"": 181.9, ""qty"": 65, ""rung"": 1, ""strike"": 24100}]","{""timestamp"": ""2026-05-25T09:45:00+05:30"", ""timeframe"": ""5m"", ""priced_at"": ""2026-05-25T09:45:00+05:30"", ""index_price"": 23942.915, ""option_premium"": 183.4, ""premiums"": {""24100PE"": 183.4}, ""reason"": ""trail""}",23952.4
2026-05-29T13:45:00+05:30,2026-05-29T13:45:00+05:30,5m,2026-06-30,24050,65,1,1,2026-06-15T09:50:00+05:30,2026-06-15T13:15:00+05:30,trail,19565.0,-74.75,84.44,-159.19,0,"[{""t"": ""2026-06-15T09:50:00+05:30"", ""tf"": ""5m"", ""priced_at"": ""2026-06-15T09:55:00+05:30"", ""index"": 23965.7, ""premium"": 301.0, ""qty"": 65, ""rung"": 1, ""strike"": 24050}]","{""timestamp"": ""2026-06-15T13:15:00+05:30"", ""timeframe"": ""5m"", ""priced_at"": ""2026-06-15T13:15:00+05:30"", ""index_price"": 23914.355, ""option_premium"": 299.85, ""premiums"": {""24050PE"": 299.85}, ""reason"": ""trail""}",23912.19
2026-06-19T14:55:00+05:30,2026-06-19T14:55:00+05:30,5m,2026-07-28,24200,65,2,3,2026-06-22T09:35:00+05:30,2026-06-23T09:20:00+05:30,trail,69553.25,2879.5,230.73,2648.77,0,"[{""t"": ""2026-06-22T09:35:00+05:30"", ""tf"": ""5m"", ""priced_at"": ""2026-06-22T09:40:00+05:30"", ""index"": 24122.15, ""premium"": 353.05, ""qty"": 65, ""rung"": 1, ""strike"": 24200}, {""t"": ""2026-06-22T10:30:00+05:30"", ""tf"": ""15m"", ""priced_at"": ""2026-06-22T10:45:00+05:30"", ""index"": 24149.65, ""premium"": 358.5, ""qty"": 130, ""rung"": 2, ""strike"": 24250}]","{""timestamp"": ""2026-06-23T09:20:00+05:30"", ""timeframe"": ""5m"", ""priced_at"": ""2026-06-23T09:20:00+05:30"", ""index_price"": 24070.179, ""option_premium"": 360.15, ""premiums"": {""24200PE"": 360.15, ""24250PE"": 377.1}, ""reason"": ""trail""}",24080.83
2026-06-23T13:30:00+05:30,2026-06-23T13:30:00+05:30,5m,2026-07-28,24250,65,2,3,2026-06-25T10:00:00+05:30,2026-06-25T14:55:00+05:30,trail,67525.25,9759.75,235.47,9524.28,0,"[{""t"": ""2026-06-25T10:00:00+05:30"", ""tf"": ""5m"", ""priced_at"": ""2026-06-25T10:05:00+05:30"", ""index"": 24172.3, ""premium"": 338.15, ""qty"": 65, ""rung"": 1, ""strike"": 24250}, {""t"": ""2026-06-25T11:00:00+05:30"", ""tf"": ""15m"", ""priced_at"": ""2026-06-25T11:15:00+05:30"", ""index"": 24184.5, ""premium"": 350.35, ""qty"": 130, ""rung"": 2, ""strike"": 24300}]","{""timestamp"": ""2026-06-25T14:55:00+05:30"", ""timeframe"": ""5m"", ""priced_at"": ""2026-06-25T14:55:00+05:30"", ""index_price"": 24100.714, ""option_premium"": 375.7, ""premiums"": {""24250PE"": 375.7, ""24300PE"": 406.65}, ""reason"": ""trail""}",24102.31
2026-06-30T15:00:00+05:30,2026-06-30T15:00:00+05:30,5m,2026-07-28,24200,65,2,3,2026-07-02T12:15:00+05:30,2026-07-09T09:20:00+05:30,trail,59442.5,20575.75,233.59,20342.16,0,"[{""t"": ""2026-07-02T12:15:00+05:30"", ""tf"": ""5m"", ""priced_at"": ""2026-07-02T12:20:00+05:30"", ""index"": 24107.5, ""premium"": 298.4, ""qty"": 65, ""rung"": 1, ""strike"": 24200}, {""t"": ""2026-07-02T15:00:00+05:30"", ""tf"": ""15m"", ""priced_at"": ""2026-07-02T15:15:00+05:30"", ""index"": 24176.8, ""premium"": 308.05, ""qty"": 130, ""rung"": 2, ""strike"": 24300}]","{""timestamp"": ""2026-07-09T09:20:00+05:30"", ""timeframe"": ""5m"", ""priced_at"": ""2026-07-09T09:20:00+05:30"", ""index_price"": 23909.75, ""option_premium"": 370.85, ""premiums"": {""24200PE"": 370.85, ""24300PE"": 430.1}, ""reason"": ""trail""}",24072.58
2026-07-22T09:25:00+05:30,2026-07-22T09:25:00+05:30,5m,2026-08-25,24300,65,2,3,2026-07-29T09:35:00+05:30,2026-08-20T09:20:00+05:30,trail,61165.0,-31367.05,171.86,-31538.91,0,"[{""t"": ""2026-07-29T09:35:00+05:30"", ""tf"": ""5m"", ""priced_at"": ""2026-07-29T09:40:00+05:30"", ""index"": 24187.1, ""premium"": 301.0, ""qty"": 65, ""rung"": 1, ""strike"": 24300}, {""t"": ""2026-07-29T10:45:00+05:30"", ""tf"": ""15m"", ""priced_at"": ""2026-07-29T11:00:00+05:30"", ""index"": 24225.3, ""premium"": 320.0, ""qty"": 130, ""rung"": 2, ""strike"": 24350}]","{""timestamp"": ""2026-08-20T09:20:00+05:30"", ""timeframe"": ""5m"", ""priced_at"": ""2026-08-20T09:20:00+05:30"", ""index_price"": 24081.726000000002, ""option_premium"": 131.55, ""premiums"": {""24300PE"": 131.55, ""24350PE"": 163.44}, ""reason"": ""trail""}",24171.17
2026-08-27T15:25:00+05:30,2026-08-27T15:25:00+05:30,5m,2026-09-29,24200,65,0,0,,,expired,0,,,,0,[],{},
